id,prediction
0,0
1,1
2,0
3,0
4,2
5,0
6,3
7,0
8,0
9,2
10,0
11,0
12,0
13,1
14,2
15,0
16,0
17,2
18,2
19,3
20,0
21,0
22,3
23,0
24,2
25,3
26,2
27,0
28,0
29,2
30,0
31,2
32,0
33,0
34,0
35,0
36,2
37,0
38,2
39,2
40,1
41,0
42,0
43,2
44,1
45,0
46,0
47,0
48,2
49,2
50,2
51,1
52,3
53,2
54,0
55,0
56,0
57,1
58,2
59,1
60,0
61,2
62,2
63,0
64,2
65,2
66,2
67,1
68,0
69,3
70,1
71,2
72,0
73,2
74,2
75,0
76,1
77,1
78,2
79,2
80,2
81,0
82,0
83,2
84,1
85,0
86,2
87,0
88,0
89,2
90,0
91,0
92,2
93,0
94,0
95,1
96,3
97,0
98,0
99,0
100,0
101,2
102,0
103,2
104,1
105,0
106,0
107,2
108,0
109,0
110,3
111,2
112,0
113,0
114,1
115,0
116,0
117,2
118,0
119,2
120,0
121,0
122,3
123,3
124,2
125,0
126,2
127,0
128,2
129,2
130,0
131,0
132,0
133,3
134,2
135,2
136,0
137,0
138,0
139,0
140,0
141,2
142,0
143,0
144,1
145,0
146,0
147,0
148,1
149,2
150,0
151,2
152,2
153,0
154,0
155,0
156,0
157,0
158,2
159,2
160,0
161,1
162,0
163,0
164,2
165,0
166,0
167,0
168,2
169,0
170,0
171,0
172,0
173,0
174,0
175,0
176,0
177,0
178,0
179,0
180,0
181,0
182,0
183,0
184,2
185,0
186,0
187,1
188,2
189,0
190,0
191,0
192,2
193,0
194,1
195,2
196,2
197,0
198,0
199,0
200,1
201,2
202,0
203,0
204,0
205,0
206,0
207,0
208,0
209,0
210,0
211,0
212,0
213,0
214,2
215,2
216,2
217,2
218,3
219,0
220,0
221,0
222,0
223,0
224,0
225,0
226,0
227,3
228,2
229,2
230,2
231,0
232,2
233,0
234,2
235,1
236,3
237,0
238,3
239,0
240,0
241,3
242,2
243,2
244,0
245,2
246,2
247,0
248,0
249,0
250,2
251,3
252,0
253,2
254,2
255,2
256,1
257,2
258,0
259,0
260,2
261,0
262,0
263,0
264,0
265,2
266,1
267,0
268,2
269,0
270,0
271,2
272,2
273,0
274,0
275,0
276,0
277,0
278,1
279,2
280,2
281,0
282,0
283,0
284,0
285,0
286,0
287,0
288,0
289,0
290,0
291,0
292,2
293,2
294,2
295,0
296,2
297,0
298,2
299,2
300,0
301,2
302,0
303,1
304,0
305,2
306,2
307,0
308,0
309,1
310,2
311,0
312,0
313,0
314,2
315,2
316,0
317,2
318,3
319,1
320,0
321,3
322,2
323,2
324,2
325,2
326,0
327,1
328,0
329,0
330,0
331,0
332,2
333,0
334,0
335,0
336,0
337,0
338,0
339,0
340,0
341,0
342,0
343,3
344,2
345,2
346,1
347,0
348,3
349,2
350,2
351,1
352,0
353,0
354,0
355,2
356,2
357,2
358,0
359,0
360,1
361,2
362,0
363,2
364,2
365,2
366,2
367,0
368,0
369,2
370,1
371,0
372,1
373,1
374,0
375,0
376,0
377,2
378,0
379,0
380,0
381,2
382,3
383,2
384,0
385,2
386,2
387,2
388,3
389,1
390,0
391,0
392,2
393,0
394,0
395,2
396,0
397,0
398,0
399,0
400,0
401,1
402,2
403,0
404,0
405,0
406,0
407,1
408,0
409,0
410,1
411,0
412,0
413,2
414,0
415,1
416,3
417,2
418,0
419,2
420,0
421,1
422,2
423,2
424,2
425,0
426,0
427,0
428,0
429,2
430,0
431,2
432,2
433,0
434,2
435,0
436,2
437,2
438,0
439,0
440,2
441,3
442,0
443,2
444,0
445,0
446,1
447,0
448,0
449,0
450,0
451,0
452,0
453,0
454,2
455,2
456,0
457,0
458,0
459,2
460,1
461,2
462,0
463,0
464,0
465,2
466,2
467,2
468,3
469,2
470,0
471,3
472,1
473,2
474,0
475,1
476,0
477,2
478,0
479,2
480,0
481,2
482,0
483,1
484,0
485,0
486,2
487,0
488,0
489,1
490,0
491,0
492,0
493,2
494,2
495,1
496,2
497,0
498,2
499,0
500,2
501,1
502,2
503,2
504,0
505,0
506,0
507,0
508,0
509,0
510,2
511,0
512,0
513,2
514,3
515,0
516,0
517,2
518,2
519,2
520,1
521,2
522,2
523,0
524,2
525,1
526,0
527,0
528,2
529,2
530,0
531,0
532,1
533,2
534,0
535,0
536,1
537,2
538,0
539,0
540,2
541,0
542,0
543,0
544,2
545,0
546,0
547,2
548,0
549,2
550,1
551,2
552,0
553,0
554,1
555,1
556,1
557,2
558,0
559,2
560,0
561,0
562,0
563,0
564,1
565,2
566,3
567,0
568,2
569,2
570,1
571,0
572,2
573,2
574,2
575,0
576,0
577,2
578,0
579,0
580,0
581,0
582,2
583,2
584,2
585,2
586,0
587,0
588,0
589,0
590,0
591,2
592,0
593,2
594,1
595,0
596,2
597,0
598,1
599,0
600,2
601,2
602,2
603,2
604,0
605,0
606,0
607,0
608,2
609,2
610,0
611,2
612,0
613,0
614,0
615,0
616,0
617,0
618,0
619,0
620,0
621,2
622,2
623,0
624,0
625,2
626,0
627,0
628,0
629,0
630,0
631,2
632,3
633,2
634,2
635,2
636,2
637,2
638,0
639,2
640,2
641,2
642,0
643,2
644,2
645,2
646,0
647,3
648,0
649,1
650,1
651,2
652,0
653,1
654,2
655,0
656,0
657,0
658,0
659,0
660,0
661,0
662,0
663,0
664,0
665,2
666,0
667,2
668,0
669,0
670,0
671,2
672,3
673,2
674,0
675,0
676,0
677,0
678,0
679,0
680,2
681,0
682,0
683,0
684,0
685,0
686,0
687,0
688,0
689,2
690,0
691,2
692,1
693,2
694,1
695,0
696,3
697,0
698,0
699,0
700,1
701,0
702,2
703,0
704,0
705,0
706,0
707,1
708,0
709,0
710,2
711,0
712,3
713,0
714,2
715,2
716,0
717,2
718,0
719,2
720,2
721,0
722,2
723,1
724,2
725,0
726,0
727,0
728,0
729,2
730,0
731,2
732,2
733,0
734,2
735,0
736,0
737,2
738,0
739,2
740,0
741,3
742,1
743,0
744,0
745,2
746,2
747,0
748,2
749,0
750,0
751,0
752,0
753,2
754,1
755,2
756,0
757,0
758,0
759,0
760,0
761,0
762,0
763,2
764,2
765,0
766,0
767,0
768,0
769,0
770,0
771,0
772,2
773,0
774,2
775,2
776,0
777,2
778,2
779,0
780,2
781,0
782,0
783,0
784,2
785,0
786,2
787,2
788,1
789,0
790,0
791,0
792,0
793,0
794,0
795,0
796,1
797,0
798,3
799,1
800,0
801,1
802,3
803,0
804,0
805,0
806,0
807,0
808,2
809,0
810,0
811,0
812,0
813,2
814,1
815,0
816,2
817,2
818,0
819,0
820,2
821,0
822,1
823,2
824,0
825,0
826,0
827,0
828,2
829,0
830,0
831,0
832,3
833,0
834,2
835,0
836,3
837,1
838,0
839,1
840,2
841,1
842,0
843,2
844,0
845,2
846,0
847,0
848,0
849,0
850,0
851,2
852,0
853,0
854,3
855,1
856,0
857,0
858,0
859,0
860,2
861,0
862,1
863,1
864,2
865,2
866,2
867,1
868,2
869,1
870,2
871,3
872,2
873,0
874,2
875,0
876,2
877,2
878,2
879,0
880,2
881,0
882,2
883,0
884,3
885,0
886,0
887,0
888,0
889,2
890,2
891,0
892,0
893,1
894,0
895,2
896,0
897,2
898,2
899,2
900,0
901,0
902,0
903,0
904,0
905,0
906,2
907,0
908,0
909,0
910,0
911,2
912,2
913,0
914,0
915,0
916,0
917,0
918,2
919,2
920,0
921,0
922,0
923,0
924,2
925,0
926,1
927,1
928,0
929,0
930,0
931,0
932,0
933,2
934,2
935,2
936,0
937,0
938,0
939,0
940,2
941,0
942,0
943,0
944,0
945,2
946,0
947,0
948,0
949,0
950,0
951,2
952,0
953,2
954,2
955,0
956,2
957,1
958,0
959,0
960,0
961,0
962,3
963,2
964,0
965,0
966,0
967,0
968,0
969,0
970,0
971,2
972,2
973,0
974,2
975,0
976,1
977,2
978,2
979,0
980,2
981,2
982,0
983,2
984,0
985,2
986,0
987,0
988,0
989,0
990,2
991,0
992,0
993,0
994,0
995,0
996,0
997,0
998,0
999,2
1000,0
1001,2
1002,0
1003,2
1004,0
1005,0
1006,2
1007,0
1008,1
1009,0
1010,0
1011,0
1012,2
1013,2
1014,0
1015,2
1016,0
1017,0
1018,0
1019,0
1020,2
1021,1
1022,0
1023,2
1024,2
1025,0
1026,0
1027,2
1028,2
1029,2
1030,0
1031,0
1032,2
1033,2
1034,0
1035,0
1036,0
1037,2
1038,0
1039,2
1040,0
1041,2
1042,0
1043,0
1044,0
1045,0
1046,1
1047,0
1048,0
1049,0
1050,2
1051,0
1052,2
1053,0
1054,0
1055,0
1056,0
1057,0
1058,2
1059,2
1060,3
1061,0
1062,0
1063,1
1064,0
1065,0
1066,0
1067,2
1068,1
1069,2
1070,2
1071,0
1072,2
1073,0
1074,0
1075,2
1076,1
1077,2
1078,2
1079,0
1080,0
1081,0
1082,0
1083,0
1084,0
1085,2
1086,2
1087,0
1088,0
1089,0
1090,1
1091,0
1092,1
1093,2
1094,0
1095,0
1096,1
1097,2
1098,2
1099,2
1100,0
1101,0
1102,0
1103,2
1104,0
1105,0
1106,0
1107,2
1108,1
1109,1
1110,2
1111,2
1112,2
1113,0
1114,2
1115,0
1116,0
1117,0
1118,2
1119,1
1120,2
1121,0
1122,0
1123,2
1124,0
1125,0
1126,0
1127,2
1128,0
1129,2
1130,2
1131,0
1132,1
1133,0
1134,0
1135,0
1136,2
1137,0
1138,2
1139,0
1140,3
1141,0
1142,0
1143,2
1144,0
1145,0
1146,0
1147,0
1148,2
1149,0
1150,2
1151,0
1152,0
1153,1
1154,2
1155,0
1156,3
1157,2
1158,0
1159,0
1160,1
1161,0
1162,0
1163,0
1164,0
1165,2
1166,0
1167,2
1168,3
1169,0
1170,0
1171,2
1172,0
1173,0
1174,0
1175,2
1176,1
1177,2
1178,2
1179,1
1180,0
1181,2
1182,0
1183,1
1184,0
1185,0
1186,3
1187,0
1188,0
1189,0
1190,1
1191,0
1192,0
1193,1
1194,2
1195,0
1196,0
1197,2
1198,2
1199,2
1200,0
1201,2
1202,2
1203,0
1204,2
1205,0
1206,2
1207,0
1208,0
1209,2
1210,0
1211,0
1212,1
1213,0
1214,2
1215,2
1216,0
1217,0
1218,0
1219,0
1220,2
1221,0
1222,0
1223,0
1224,2
1225,2
1226,0
1227,2
1228,2
1229,2
1230,0
1231,0
1232,0
1233,2
1234,0
1235,1
1236,2
1237,2
1238,2
1239,0
1240,0
1241,1
1242,0
1243,0
1244,0
1245,0
1246,0
1247,2
1248,2
1249,1
1250,1
1251,0
1252,1
1253,1
1254,1
1255,0
1256,0
1257,2
1258,2
1259,2
1260,0
1261,1
1262,2
1263,0
1264,0
1265,0
1266,0
1267,0
1268,2
1269,2
1270,3
1271,1
1272,0
1273,0
1274,2
1275,0
1276,1
1277,0
1278,0
1279,0
1280,0
1281,0
1282,0
1283,0
1284,0
1285,1
1286,0
1287,2
1288,2
1289,1
1290,2
1291,0
1292,0
1293,0
1294,0
1295,0
1296,1
1297,2
1298,0
1299,0
1300,2
1301,1
1302,2
1303,2
1304,0
1305,0
1306,0
1307,0
1308,1
1309,3
1310,1
1311,0
1312,0
1313,0
1314,2
1315,0
1316,2
1317,2
1318,0
1319,2
1320,0
1321,2
1322,1
1323,2
1324,0
1325,0
1326,2
1327,0
1328,0
1329,1
1330,0
1331,0
1332,0
1333,0
1334,0
1335,2
1336,0
1337,0
1338,0
1339,0
1340,2
1341,2
1342,1
1343,0
1344,0
1345,2
1346,2
1347,0
1348,2
1349,2
1350,2
1351,2
1352,0
1353,0
1354,1
1355,0
1356,2
1357,0
1358,0
1359,0
1360,0
1361,2
1362,1
1363,0
1364,1
1365,0
1366,0
1367,1
1368,0
1369,0
1370,2
1371,0
1372,0
1373,0
1374,2
1375,0
1376,0
1377,2
1378,1
1379,1
1380,2
1381,0
1382,1
1383,0
1384,2
1385,0
1386,0
1387,0
1388,0
1389,2
1390,3
1391,0
1392,0
1393,2
1394,0
1395,3
1396,2
1397,0
1398,2
1399,0
1400,2
1401,0
1402,0
1403,0
1404,2
1405,1
1406,0
1407,0
1408,0
1409,0
1410,3
1411,1
1412,2
1413,1
1414,2
1415,0
1416,0
1417,0
1418,0
1419,0
1420,0
1421,1
1422,0
1423,0
1424,1
1425,0
1426,1
1427,0
1428,0
1429,0
1430,3
1431,0
1432,0
1433,0
1434,3
1435,0
1436,1
1437,0
1438,0
1439,1
1440,0
1441,2
1442,0
1443,0
1444,0
1445,2
1446,0
1447,0
1448,0
1449,0
1450,2
1451,0
1452,2
1453,0
1454,0
1455,0
1456,2
1457,0
1458,2
1459,0
1460,0
1461,0
1462,0
1463,1
1464,0
1465,2
1466,2
1467,1
1468,0
1469,2
1470,1
1471,0
1472,0
1473,2
1474,0
1475,2
1476,1
1477,0
1478,3
1479,2
1480,0
1481,1
1482,0
1483,2
1484,1
1485,2
1486,0
1487,2
1488,3
1489,0
1490,1
1491,0
1492,1
1493,2
1494,2
1495,3
1496,2
1497,0
1498,1
1499,0
1500,2
1501,2
1502,2
1503,2
1504,0
1505,2
1506,0
1507,1
1508,0
1509,2
1510,0
1511,0
1512,0
1513,2
1514,1
1515,0
1516,3
1517,2
1518,2
1519,0
1520,0
1521,2
1522,0
1523,0
1524,2
1525,2
1526,2
1527,1
1528,1
1529,0
1530,0
1531,0
1532,2
1533,0
1534,0
1535,2
1536,2
1537,1
1538,2
1539,1
1540,0
1541,0
1542,0
1543,1
1544,2
1545,2
1546,2
1547,2
1548,0
1549,0
1550,0
1551,2
1552,0
1553,0
1554,1
1555,3
1556,2
1557,2
1558,1
1559,0
1560,0
1561,0
1562,2
1563,0
1564,0
1565,1
1566,2
1567,0
1568,0
1569,1
1570,2
1571,0
1572,2
1573,0
1574,2
1575,0
1576,2
1577,2
1578,2
1579,0
1580,0
1581,2
1582,0
1583,0
1584,0
1585,1
1586,0
1587,0
1588,2
1589,0
1590,0
1591,2
1592,0
1593,2
1594,1
1595,0
1596,2
1597,1
1598,2
1599,0
1600,0
1601,3
1602,2
1603,2
1604,1
1605,1
1606,0
1607,0
1608,1
1609,0
1610,1
1611,0
1612,1
1613,1
1614,1
1615,0
1616,2
1617,0
1618,0
1619,0
1620,0
1621,0
1622,0
1623,0
1624,0
1625,2
1626,0
1627,1
1628,0
1629,1
1630,2
1631,1
1632,2
1633,0
1634,0
1635,3
1636,2
1637,1
1638,0
1639,0
1640,0
1641,2
1642,0
1643,0
1644,2
1645,0
1646,0
1647,2
1648,2
1649,0
1650,0
1651,0
1652,0
1653,0
1654,0
1655,0
1656,1
1657,1
1658,0
1659,2
1660,0
1661,1
1662,0
1663,1
1664,0
1665,2
1666,2
1667,0
1668,0
1669,0
1670,2
1671,2
1672,2
1673,2
1674,1
1675,0
1676,1
1677,2
1678,0
1679,3
1680,0
1681,0
1682,0
1683,0
1684,1
1685,3
1686,2
1687,0
1688,0
1689,2
1690,2
1691,0
1692,0
1693,0
1694,2
1695,0
1696,2
1697,0
1698,2
1699,0
1700,0
1701,2
1702,2
1703,0
1704,0
1705,0
1706,0
1707,0
1708,0
1709,1
1710,1
1711,0
1712,0
1713,0
1714,0
1715,1
1716,0
1717,0
1718,0
1719,0
1720,2
1721,0
1722,2
1723,0
1724,1
1725,0
1726,2
1727,0
1728,3
1729,0
1730,1
1731,0
1732,0
1733,0
1734,0
1735,0
1736,0
1737,0
1738,2
1739,0
1740,0
1741,0
1742,0
1743,0
1744,0
1745,3
1746,2
1747,0
1748,0
1749,0
1750,0
1751,0
1752,1
1753,0
1754,2
1755,2
1756,0
1757,0
1758,0
1759,0
1760,0
1761,2
1762,0
1763,0
1764,0
1765,2
1766,0
1767,0
1768,0
1769,2
1770,2
1771,1
1772,2
1773,0
1774,2
1775,0
1776,0
1777,2
1778,0
1779,0
1780,0
1781,0
1782,0
1783,0
1784,0
1785,0
1786,0
1787,0
1788,0
1789,2
1790,0
1791,2
1792,3
1793,1
1794,2
1795,0
1796,2
1797,0
1798,2
1799,0
1800,1
1801,0
1802,2
1803,2
1804,2
1805,0
1806,0
1807,1
1808,3
1809,0
1810,1
1811,0
1812,0
1813,3
1814,2
1815,0
1816,0
1817,0
1818,0
1819,0
1820,3
1821,3
1822,0
1823,0
1824,0
1825,0
1826,0
1827,3
1828,0
1829,2
1830,2
1831,2
1832,0
1833,0
1834,0
1835,1
1836,2
1837,0
1838,2
1839,0
1840,2
1841,2
1842,2
1843,2
1844,0
1845,3
1846,2
1847,0
1848,0
1849,2
1850,1
1851,2
1852,0
1853,2
1854,1
1855,2
1856,0
1857,2
1858,0
1859,0
1860,0
1861,0
1862,2
1863,0
1864,0
1865,0
1866,2
1867,1
1868,2
1869,0
1870,0
1871,0
1872,0
1873,2
1874,2
1875,0
1876,0
1877,0
1878,0
1879,1
1880,2
1881,0
1882,0
1883,2
1884,0
1885,0
1886,2
1887,0
1888,2
1889,1
1890,0
1891,0
1892,2
1893,2
1894,1
1895,2
1896,0
1897,2
1898,0
1899,2
1900,1
1901,0
1902,0
1903,0
1904,2
1905,1
1906,2
1907,2
1908,2
1909,0
1910,0
1911,2
1912,0
1913,0
1914,2
1915,0
1916,1
1917,2
1918,0
1919,0
1920,2
1921,2
1922,0
1923,0
1924,0
1925,2
1926,2
1927,0
1928,0
1929,3
1930,0
1931,0
1932,2
1933,0
1934,0
1935,0
1936,1
1937,0
1938,0
1939,3
1940,0
1941,0
1942,0
1943,0
1944,2
1945,0
1946,0
1947,0
1948,2
1949,2
1950,1
1951,2
1952,0
1953,1
1954,0
1955,2
1956,0
1957,1
1958,0
1959,2
1960,0
1961,0
1962,0
1963,0
1964,0
1965,0
1966,2
1967,2
1968,2
1969,2
1970,2
1971,3
1972,2
1973,0
1974,2
1975,0
1976,2
1977,1
1978,2
1979,2
1980,0
1981,0
1982,0
1983,0
1984,0
1985,0
1986,0
1987,1
1988,0
1989,3
1990,0
1991,0
1992,3
1993,0
1994,2
1995,0
1996,1
1997,0
1998,0
1999,2
2000,1
2001,0
2002,3
2003,0
2004,0
2005,0
2006,1
2007,2
2008,1
2009,0
2010,0
2011,2
2012,0
2013,3
2014,1
2015,0
2016,2
2017,2
2018,0
2019,0
2020,0
2021,0
2022,2
2023,2
2024,0
2025,2
2026,2
2027,0
2028,0
2029,0
2030,2
2031,2
2032,0
2033,0
2034,0
2035,0
2036,0
2037,2
2038,1
2039,3
2040,0
2041,2
2042,2
2043,0
2044,0
2045,0
2046,0
2047,0
2048,0
2049,2
2050,2
2051,2
2052,1
2053,0
2054,2
2055,2
2056,0
2057,0
2058,2
2059,0
2060,1
2061,0
2062,0
2063,2
2064,0
2065,0
2066,2
2067,0
2068,3
2069,0
2070,2
2071,2
2072,0
2073,3
2074,0
2075,0
2076,0
2077,0
2078,1
2079,0
2080,0
2081,3
2082,0
2083,1
2084,2
2085,2
2086,0
2087,2
2088,1
2089,0
2090,0
2091,0
2092,2
2093,2
2094,0
2095,0
2096,0
2097,0
2098,2
2099,0
2100,0
2101,0
2102,1
2103,2
2104,3
2105,2
2106,2
2107,0
2108,0
2109,1
2110,2
2111,0
2112,2
2113,2
2114,2
2115,0
2116,0
2117,2
2118,0
2119,2
2120,0
2121,2
2122,0
2123,1
2124,0
2125,2
2126,1
2127,0
2128,0
2129,2
2130,0
2131,2
2132,1
2133,2
2134,0
2135,1
2136,0
2137,0
2138,0
2139,2
2140,0
2141,0
2142,0
2143,1
2144,0
2145,0
2146,0
2147,0
2148,2
2149,2
2150,2
2151,2
2152,1
2153,0
2154,0
2155,0
2156,0
2157,0
2158,2
2159,2
2160,2
2161,2
2162,1
2163,2
2164,0
2165,1
2166,0
2167,1
2168,0
2169,2
2170,2
2171,0
2172,0
2173,0
2174,0
2175,0
2176,2
2177,0
2178,2
2179,0
2180,2
2181,2
2182,1
2183,0
2184,2
2185,0
2186,0
2187,2
2188,2
2189,2
2190,0
2191,0
2192,0
2193,0
2194,2
2195,0
2196,0
2197,3
2198,0
2199,2
2200,0
2201,2
2202,0
2203,0
2204,0
2205,1
2206,0
2207,1
2208,2
2209,2
2210,1
2211,2
2212,2
2213,0
2214,2
2215,0
2216,0
2217,0
2218,0
2219,3
2220,1
2221,0
2222,0
2223,0
2224,0
2225,2
2226,0
2227,0
2228,0
2229,0
2230,0
2231,0
2232,0
2233,2
2234,0
2235,0
2236,3
2237,1
2238,2
2239,1
2240,2
2241,2
2242,0
2243,0
2244,0
2245,0
2246,1
2247,1
2248,0
2249,0
2250,0
2251,0
2252,0
2253,0
2254,1
2255,0
2256,2
2257,0
2258,0
2259,1
2260,0
2261,1
2262,0
2263,0
2264,0
2265,1
2266,2
2267,2
2268,2
2269,0
2270,0
2271,1
2272,2
2273,2
2274,2
2275,1
2276,0
2277,1
2278,0
2279,0
2280,1
2281,0
2282,2
2283,0
2284,2
2285,0
2286,0
2287,3
2288,2
2289,0
2290,0
2291,2
2292,0
2293,0
2294,2
2295,0
2296,2
2297,2
2298,0
2299,0
2300,2
2301,0
2302,0
2303,3
2304,0
2305,3
2306,0
2307,0
2308,1
2309,0
2310,0
2311,0
2312,0
2313,0
2314,0
2315,0
2316,2
2317,0
2318,0
2319,2
2320,0
2321,2
2322,0
2323,0
2324,0
2325,0
2326,0
2327,2
2328,0
2329,0
2330,0
2331,0
2332,1
2333,0
2334,1
2335,0
2336,2
2337,0
2338,0
2339,0
2340,0
2341,0
2342,0
2343,1
2344,3
2345,0
2346,2
2347,0
2348,0
2349,0
2350,1
2351,0
2352,2
2353,0
2354,2
2355,1
2356,0
2357,2
2358,2
2359,0
2360,0
2361,0
2362,1
2363,2
2364,2
2365,2
2366,0
2367,1
2368,2
2369,1
2370,1
2371,0
2372,3
2373,0
2374,0
2375,0
2376,2
2377,0
2378,0
2379,0
2380,0
2381,0
2382,0
2383,2
2384,0
2385,0
2386,1
2387,0
2388,0
2389,2
2390,0
2391,0
2392,0
2393,2
2394,0
2395,2
2396,1
2397,2
2398,2
2399,1
2400,0
2401,2
2402,2
2403,0
2404,2
2405,0
2406,0
2407,0
2408,0
2409,0
2410,0
2411,0
2412,2
2413,2
2414,0
2415,1
2416,0
2417,2
2418,0
2419,2
2420,2
2421,0
2422,1
2423,1
2424,0
2425,1
2426,0
2427,2
2428,1
2429,2
2430,1
2431,3
2432,0
2433,0
2434,0
2435,2
2436,1
2437,2
2438,2
2439,3
2440,0
2441,0
2442,0
2443,0
2444,1
2445,2
2446,0
2447,0
2448,0
2449,0
2450,2
2451,3
2452,2
2453,2
2454,2
2455,2
2456,0
2457,1
2458,2
2459,0
2460,2
2461,0
2462,0
2463,0
2464,0
2465,0
2466,1
2467,1
2468,1
2469,1
2470,0
2471,0
2472,2
2473,0
2474,0
2475,0
2476,2
2477,2
2478,2
2479,2
2480,2
2481,2
2482,2
2483,0
2484,1
2485,0
2486,2
2487,0
2488,0
2489,0
2490,0
2491,2
2492,0
2493,0
2494,2
2495,1
2496,0
2497,0
2498,2
2499,0
2500,2
2501,2
2502,0
2503,0
2504,1
2505,0
2506,2
2507,0
2508,1
2509,2
2510,0
2511,1
2512,1
2513,2
2514,0
2515,0
2516,2
2517,3
2518,0
2519,0
2520,0
2521,2
2522,2
2523,0
2524,0
2525,0
2526,2
2527,0
2528,0
2529,3
2530,1
2531,1
2532,2
2533,2
2534,2
2535,0
2536,2
2537,0
2538,0
2539,2
2540,2
2541,2
2542,2
2543,2
2544,3
2545,2
2546,0
2547,0
2548,2
2549,1
2550,0
2551,2
2552,0
2553,0
2554,0
2555,0
2556,0
2557,0
2558,0
2559,1
2560,2
2561,1
2562,1
2563,0
2564,0
2565,2
2566,0
2567,1
2568,3
2569,0
2570,0
2571,2
2572,0
2573,0
2574,0
2575,2
2576,0
2577,0
2578,0
2579,0
2580,0
2581,0
2582,0
2583,0
2584,1
2585,2
2586,2
2587,0
2588,2
2589,0
2590,0
2591,0
2592,0
2593,0
2594,1
2595,1
2596,0
2597,0
2598,2
2599,2
2600,1
2601,1
2602,0
2603,1
2604,1
2605,0
2606,1
2607,1
2608,0
2609,1
2610,1
2611,2
2612,2
2613,1
2614,0
2615,2
2616,0
2617,0
2618,2
2619,3
2620,0
2621,0
2622,0
2623,0
2624,1
2625,0
2626,1
2627,0
2628,1
2629,0
2630,0
2631,2
2632,0
2633,2
2634,3
2635,2
2636,2
2637,0
2638,0
2639,2
2640,2
2641,2
2642,0
2643,1
2644,0
2645,0
2646,2
2647,2
2648,0
2649,0
2650,2
2651,0
2652,1
2653,0
2654,2
2655,0
2656,2
2657,0
2658,0
2659,0
2660,0
2661,0
2662,0
2663,1
2664,0
2665,0
2666,2
2667,0
2668,2
2669,0
2670,2
2671,0
2672,0
2673,2
2674,2
2675,1
2676,0
2677,1
2678,0
2679,2
2680,2
2681,2
2682,1
2683,0
2684,2
2685,2
2686,0
2687,2
2688,0
2689,0
2690,0
2691,2
2692,0
2693,0
2694,2
2695,0
2696,0
2697,0
2698,0
2699,2
2700,2
2701,0
2702,2
2703,1
2704,0
2705,0
2706,2
2707,2
2708,1
2709,0
2710,3
2711,2
2712,0
2713,0
2714,2
2715,1
2716,0
2717,2
2718,1
2719,0
2720,2
2721,2
2722,0
2723,2
2724,0
2725,3
2726,0
2727,1
2728,0
2729,0
2730,0
2731,0
2732,0
2733,1
2734,0
2735,0
2736,2
2737,0
2738,0
2739,2
2740,0
2741,0
2742,0
2743,1
2744,1
2745,2
2746,0
2747,0
2748,2
2749,0
2750,0
2751,1
2752,0
2753,0
2754,0
2755,1
2756,2
2757,0
2758,0
2759,2
2760,2
2761,0
2762,0
2763,2
2764,0
2765,0
2766,0
2767,2
2768,0
2769,0
2770,3
2771,2
2772,3
2773,2
2774,0
2775,1
2776,0
2777,1
2778,2
2779,2
2780,1
2781,0
2782,0
2783,0
2784,0
2785,0
2786,0
2787,0
2788,2
2789,0
2790,2
2791,0
2792,0
2793,2
2794,0
2795,0
2796,0
2797,2
2798,2
2799,2
2800,1
2801,2
2802,0
2803,0
2804,0
2805,3
2806,0
2807,0
2808,0
2809,0
2810,0
2811,2
2812,0
2813,0
2814,0
2815,0
2816,1
2817,0
2818,0
2819,2
2820,0
2821,0
2822,0
2823,0
2824,0
2825,0
2826,0
2827,0
2828,2
2829,0
2830,0
2831,3
2832,0
2833,2
2834,2
2835,0
2836,0
2837,0
2838,0
2839,3
2840,0
2841,2
2842,2
2843,2
2844,2
2845,1
2846,2
2847,2
2848,2
2849,0
2850,0
2851,2
2852,0
2853,0
2854,0
2855,0
2856,0
2857,2
2858,3
2859,0
2860,0
2861,2
2862,0
2863,0
2864,0
2865,1
2866,0
2867,0
2868,1
2869,0
2870,0
2871,2
2872,1
2873,0
2874,2
2875,0
2876,1
2877,3
2878,1
2879,0
2880,0
2881,2
2882,0
2883,2
2884,2
2885,1
2886,0
2887,2
2888,0
2889,0
2890,2
2891,0
2892,0
2893,3
2894,0
2895,0
2896,3
2897,0
2898,0
2899,1
2900,0
2901,0
2902,2
2903,2
2904,1
2905,2
2906,0
2907,2
2908,0
2909,2
2910,2
2911,3
2912,0
2913,2
2914,2
2915,2
2916,2
2917,2
2918,2
2919,0
2920,0
2921,2
2922,1
2923,0
2924,0
2925,0
2926,0
2927,2
2928,1
2929,0
2930,0
2931,0
2932,0
2933,0
2934,0
2935,2
2936,0
2937,1
2938,2
2939,2
2940,0
2941,1
2942,2
2943,0
2944,2
2945,0
2946,3
2947,0
2948,0
2949,2
2950,0
2951,2
2952,2
2953,0
2954,0
2955,2
2956,1
2957,0
2958,0
2959,1
2960,0
2961,2
2962,2
2963,2
2964,2
2965,0
2966,0
2967,0
2968,2
2969,0
2970,2
2971,2
2972,1
2973,2
2974,0
2975,2
2976,2
2977,2
2978,1
2979,0
2980,0
2981,0
2982,2
2983,2
2984,1
2985,0
2986,2
2987,0
2988,2
2989,0
2990,0
2991,3
2992,2
2993,0
2994,0
2995,0
2996,0
2997,0
2998,0
2999,0
3000,1
3001,2
3002,0
3003,1
3004,2
3005,0
3006,0
3007,0
3008,0
3009,0
3010,2
3011,0
3012,0
3013,1
3014,1
3015,2
3016,2
3017,2
3018,0
3019,0
3020,2
3021,2
3022,0
3023,0
3024,1
3025,0
3026,0
3027,0
3028,3
3029,0
3030,0
3031,2
3032,0
3033,2
3034,1
3035,0
3036,0
3037,0
3038,0
3039,2
3040,3
3041,0
3042,2
3043,0
3044,2
3045,0
3046,0
3047,0
3048,1
3049,0
3050,1
3051,2
3052,1
3053,0
3054,0
3055,3
3056,0
3057,2
3058,2
3059,0
3060,0
3061,0
3062,0
3063,2
3064,2
3065,2
3066,2
3067,2
3068,2
3069,2
3070,1
3071,0
3072,0
3073,1
3074,2
3075,1
3076,1
3077,3
3078,0
3079,0
3080,3
3081,2
3082,0
3083,0
3084,2
3085,0
3086,2
3087,0
3088,0
3089,1
3090,2
3091,0
3092,0
3093,2
3094,0
3095,0
3096,0
3097,0
3098,0
3099,2
3100,0
3101,1
3102,0
3103,2
3104,0
3105,1
3106,0
3107,2
3108,3
3109,2
3110,0
3111,2
3112,0
3113,0
3114,2
3115,0
3116,0
3117,0
3118,0
3119,0
3120,2
3121,1
3122,0
3123,0
3124,0
3125,2
3126,0
3127,1
3128,3
3129,0
3130,0
3131,2
3132,0
3133,2
3134,2
3135,2
3136,3
3137,0
3138,0
3139,2
3140,0
3141,0
3142,0
3143,0
3144,2
3145,1
3146,2
3147,2
3148,0
3149,2
3150,0
3151,0
3152,2
3153,0
3154,1
3155,0
3156,0
3157,1
3158,2
3159,2
3160,0
3161,2
3162,1
3163,0
3164,2
3165,0
3166,2
3167,0
3168,2
3169,0
3170,1
3171,0
3172,2
3173,0
3174,1
3175,1
3176,0
3177,3
3178,2
3179,0
3180,3
3181,0
3182,0
3183,2
3184,2
3185,2
3186,2
3187,3
3188,0
3189,0
3190,0
3191,0
3192,0
3193,2
3194,0
3195,0
3196,1
3197,3
3198,1
3199,0
3200,0
3201,1
3202,0
3203,1
3204,2
3205,2
3206,0
3207,0
3208,0
3209,0
3210,0
3211,0
3212,0
3213,0
3214,2
3215,1
3216,0
3217,3
3218,3
3219,0
3220,3
3221,2
3222,2
3223,1
3224,0
3225,0
3226,0
3227,0
3228,2
3229,2
3230,0
3231,2
3232,0
3233,0
3234,0
3235,0
3236,0
3237,0
3238,2
3239,0
3240,0
3241,1
3242,2
3243,1
3244,0
3245,0
3246,2
3247,0
3248,2
3249,0
3250,0
3251,0
3252,0
3253,0
3254,0
3255,2
3256,0
3257,2
3258,3
3259,0
3260,3
3261,2
3262,2
3263,0
3264,0
3265,2
3266,0
3267,3
3268,1
3269,2
3270,3
3271,0
3272,2
3273,0
3274,3
3275,0
3276,2
3277,0
3278,2
3279,2
3280,2
3281,0
3282,0
3283,2
3284,0
3285,2
3286,2
3287,0
3288,0
3289,2
3290,0
3291,2
3292,0
3293,1
3294,0
3295,3
3296,0
3297,1
3298,1
3299,1
3300,0
3301,0
3302,2
3303,0
3304,2
3305,0
3306,2
3307,0
3308,0
3309,0
3310,0
3311,2
3312,0
3313,1
3314,2
3315,2
3316,0
3317,1
3318,0
3319,2
3320,0
3321,1
3322,2
3323,3
3324,2
3325,0
3326,2
3327,0
3328,0
3329,0
3330,0
3331,0
3332,1
3333,2
3334,1
3335,0
3336,3
3337,0
3338,0
3339,0
3340,0
3341,0
3342,0
3343,0
3344,0
3345,2
3346,0
3347,3
3348,0
3349,0
3350,0
3351,0
3352,2
3353,0
3354,0
3355,0
3356,2
3357,2
3358,2
3359,3
3360,0
3361,1
3362,3
3363,1
3364,0
3365,2
3366,0
3367,0
3368,0
3369,1
3370,2
3371,0
3372,3
3373,0
3374,3
3375,2
3376,2
3377,1
3378,2
3379,2
3380,2
3381,0
3382,0
3383,0
3384,1
3385,1
3386,0
3387,2
3388,2
3389,0
3390,2
3391,2
3392,0
3393,2
3394,0
3395,0
3396,3
3397,0
3398,2
3399,0
3400,1
3401,0
3402,2
3403,0
3404,0
3405,0
3406,2
3407,1
3408,0
3409,2
3410,0
3411,0
3412,0
3413,2
3414,2
3415,0
3416,0
3417,0
3418,0
3419,0
3420,0
3421,1
3422,2
3423,0
3424,0
3425,0
3426,0
3427,2
3428,1
3429,1
3430,2
3431,2
3432,0
3433,0
3434,2
3435,2
3436,0
3437,0
3438,2
3439,2
3440,1
3441,2
3442,0
3443,2
3444,0
3445,2
3446,1
3447,2
3448,0
3449,2
3450,0
3451,2
3452,0
3453,0
3454,1
3455,2
3456,0
3457,2
3458,1
3459,0
3460,0
3461,0
3462,0
3463,2
3464,2
3465,0
3466,0
3467,0
3468,0
3469,1
3470,0
3471,0
3472,2
3473,0
3474,0
3475,2
3476,0
3477,0
3478,0
3479,0
3480,0
3481,2
3482,2
3483,0
3484,2
3485,2
3486,2
3487,0
3488,1
3489,2
3490,2
3491,2
3492,0
3493,0
3494,2
3495,0
3496,1
3497,3
3498,2
3499,1
3500,2
3501,2
3502,1
3503,0
3504,2
3505,2
3506,2
3507,0
3508,2
3509,2
3510,2
3511,0
3512,2
3513,0
3514,2
3515,1
3516,0
3517,2
3518,0
3519,3
3520,0
3521,0
3522,2
3523,2
3524,2
3525,0
3526,3
3527,0
3528,0
3529,1
3530,2
3531,0
3532,3
3533,0
3534,0
3535,2
3536,2
3537,2
3538,2
3539,0
3540,2
3541,2
3542,0
3543,2
3544,0
3545,3
3546,2
3547,0
3548,0
3549,0
3550,2
3551,0
3552,0
3553,2
3554,1
3555,1
3556,2
3557,0
3558,0
3559,0
3560,0
3561,0
3562,2
3563,2
3564,3
3565,0
3566,2
3567,0
3568,0
3569,0
3570,0
3571,3
3572,0
3573,0
3574,0
3575,0
3576,0
3577,2
3578,0
3579,0
3580,0
3581,0
3582,2
3583,2
3584,2
3585,0
3586,1
3587,3
3588,0
3589,1
3590,0
3591,0
3592,2
3593,2
3594,0
3595,0
3596,1
3597,1
3598,2
3599,0
3600,0
3601,2
3602,0
3603,0
3604,2
3605,0
3606,3
3607,0
3608,0
3609,0
3610,3
3611,0
3612,0
3613,0
3614,0
3615,2
3616,1
3617,0
3618,1
3619,0
3620,3
3621,0
3622,0
3623,0
3624,0
3625,0
3626,0
3627,0
3628,1
3629,2
3630,0
3631,0
3632,0
3633,0
3634,2
3635,0
3636,3
3637,2
3638,0
3639,2
3640,1
3641,0
3642,2
3643,0
3644,2
3645,0
3646,0
3647,0
3648,2
3649,0
3650,0
3651,2
3652,0
3653,0
3654,0
3655,0
3656,1
3657,2
3658,0
3659,1
3660,1
3661,2
3662,0
3663,2
3664,0
3665,1
3666,1
3667,0
3668,3
3669,0
3670,0
3671,0
3672,0
3673,2
3674,0
3675,0
3676,3
3677,2
3678,2
3679,0
3680,0
3681,2
3682,0
3683,0
3684,1
3685,0
3686,2
3687,2
3688,0
3689,0
3690,0
3691,2
3692,0
3693,2
3694,0
3695,2
3696,2
3697,0
3698,1
3699,0
3700,1
3701,2
3702,0
3703,1
3704,0
3705,2
3706,0
3707,0
3708,1
3709,0
3710,2
3711,2
3712,0
3713,0
3714,0
3715,0
3716,0
3717,2
3718,2
3719,2
3720,0
3721,0
3722,2
3723,0
3724,2
3725,0
3726,2
3727,0
3728,2
3729,2
3730,0
3731,0
3732,2
3733,0
3734,0
3735,2
3736,1
3737,2
3738,1
3739,0
3740,2
3741,0
3742,2
3743,0
3744,2
3745,3
3746,3
3747,0
3748,0
3749,2
3750,0
3751,0
3752,0
3753,1
3754,1
3755,3
3756,0
3757,0
3758,2
3759,0
3760,2
3761,3
3762,2
3763,3
3764,0
3765,0
3766,2
3767,1
3768,0
3769,2
3770,0
3771,0
3772,2
3773,0
3774,2
3775,0
3776,2
3777,2
3778,2
3779,2
3780,0
3781,0
3782,0
3783,0
3784,2
3785,2
3786,0
3787,0
3788,0
3789,2
3790,0
3791,1
3792,1
3793,2
3794,0
3795,0
3796,0
3797,0
3798,0
3799,0
3800,0
3801,0
3802,2
3803,2
3804,1
3805,0
3806,2
3807,1
3808,0
3809,1
3810,2
3811,0
3812,0
3813,0
3814,0
3815,0
3816,0
3817,1
3818,0
3819,0
3820,0
3821,0
3822,2
3823,0
3824,2
3825,0
3826,1
3827,2
3828,2
3829,0
3830,0
3831,0
3832,0
3833,0
3834,2
3835,0
3836,0
3837,2
3838,1
3839,3
3840,0
3841,2
3842,0
3843,2
3844,2
3845,0
3846,2
3847,1
3848,2
3849,1
3850,2
3851,3
3852,3
3853,1
3854,0
3855,0
3856,0
3857,0
3858,0
3859,2
3860,0
3861,2
3862,0
3863,0
3864,0
3865,0
3866,3
3867,3
3868,2
3869,0
3870,1
3871,3
3872,0
3873,2
3874,0
3875,0
3876,2
3877,3
3878,0
3879,0
3880,0
3881,3
3882,2
3883,2
3884,0
3885,3
3886,2
3887,1
3888,2
3889,0
3890,2
3891,1
3892,0
3893,1
3894,2
3895,0
3896,2
3897,0
3898,2
3899,0
3900,0
3901,2
3902,2
3903,0
3904,3
3905,2
3906,0
3907,0
3908,2
3909,2
3910,1
3911,0
3912,2
3913,2
3914,2
3915,0
3916,2
3917,0
3918,0
3919,2
3920,2
3921,2
3922,0
3923,0
3924,0
3925,0
3926,1
3927,0
3928,0
3929,2
3930,1
3931,2
3932,2
3933,2
3934,2
3935,2
3936,1
3937,3
3938,2
3939,0
3940,2
3941,0
3942,0
3943,2
3944,2
3945,2
3946,2
3947,1
3948,1
3949,0
3950,0
3951,0
3952,0
3953,1
3954,2
3955,2
3956,0
3957,2
3958,2
3959,2
3960,1
3961,2
3962,2
3963,0
3964,2
3965,0
3966,0
3967,0
3968,2
3969,0
3970,2
3971,2
3972,2
3973,0
3974,1
3975,0
3976,0
3977,0
3978,0
3979,0
3980,0
3981,2
3982,1
3983,0
3984,0
3985,2
3986,2
3987,2
3988,0
3989,0
3990,0
3991,2
3992,2
3993,0
3994,0
3995,2
3996,1
3997,2
3998,0
3999,0
4000,0
4001,1
4002,2
4003,2
4004,0
4005,0
4006,0
4007,0
4008,0
4009,0
4010,2
4011,2
4012,0
4013,0
4014,2
4015,0
4016,0
4017,3
4018,2
4019,0
4020,2
4021,2
4022,1
4023,2
4024,0
4025,0
4026,0
4027,2
4028,2
4029,2
4030,0
4031,2
4032,0
4033,1
4034,0
4035,0
4036,0
4037,1
4038,2
4039,0
4040,2
4041,0
4042,1
4043,0
4044,2
4045,0
4046,0
4047,0
4048,0
4049,1
4050,0
4051,1
4052,0
4053,2
4054,2
4055,0
4056,0
4057,2
4058,2
4059,0
4060,0
4061,2
4062,0
4063,2
4064,0
4065,0
4066,0
4067,1
4068,0
4069,2
4070,0
4071,0
4072,2
4073,2
4074,3
4075,2
4076,2
4077,0
4078,0
4079,2
4080,2
4081,0
4082,1
4083,0
4084,1
4085,0
4086,1
4087,0
4088,2
4089,0
4090,2
4091,2
4092,2
4093,0
4094,0
4095,2
4096,0
4097,0
4098,2
4099,2
4100,2
4101,0
4102,0
4103,0
4104,0
4105,0
4106,0
4107,3
4108,1
4109,0
4110,2
4111,0
4112,2
4113,0
4114,2
4115,3
4116,0
4117,0
4118,2
4119,1
4120,3
4121,0
4122,0
4123,1
4124,0
4125,0
4126,2
4127,0
4128,0
4129,1
4130,1
4131,1
4132,2
4133,0
4134,0
4135,2
4136,0
4137,0
4138,0
4139,0
4140,2
4141,2
4142,0
4143,0
4144,0
4145,0
4146,0
4147,1
4148,0
4149,1
4150,2
4151,2
4152,2
4153,0
4154,0
4155,1
4156,1
4157,0
4158,3
4159,2
4160,2
4161,2
4162,2
4163,2
4164,1
4165,0
4166,0
4167,2
4168,0
4169,0
4170,1
4171,2
4172,0
4173,0
4174,0
4175,2
4176,0
4177,0
4178,0
4179,1
4180,2
4181,1
4182,2
4183,2
4184,0
4185,2
4186,0
4187,0
4188,2
4189,0
4190,2
4191,1
4192,0
4193,2
4194,0
4195,0
4196,0
4197,2
4198,2
4199,0
4200,0
4201,1
4202,0
4203,0
4204,2
4205,0
4206,0
4207,2
4208,2
4209,0
4210,2
4211,3
4212,0
4213,0
4214,0
4215,2
4216,0
4217,2
4218,0
4219,0
4220,2
4221,0
4222,1
4223,2
4224,0
4225,0
4226,2
4227,2
4228,0
4229,0
4230,2
4231,0
4232,0
4233,2
4234,0
4235,0
4236,0
4237,1
4238,0
4239,0
4240,0
4241,0
4242,0
4243,1
4244,3
4245,0
4246,0
4247,2
4248,3
4249,0
4250,2
4251,2
4252,2
4253,3
4254,0
4255,3
4256,1
4257,2
4258,2
4259,0
4260,3
4261,0
4262,0
4263,0
4264,3
4265,1
4266,0
4267,0
4268,0
4269,3
4270,2
4271,0
4272,2
4273,2
4274,1
4275,2
4276,2
4277,1
4278,0
4279,1
4280,3
4281,2
4282,0
4283,2
4284,0
4285,0
4286,0
4287,2
4288,2
4289,0
4290,0
4291,0
4292,0
4293,2
4294,1
4295,0
4296,0
4297,0
4298,0
4299,0
4300,0
4301,0
4302,2
4303,0
4304,0
4305,0
4306,0
4307,2
4308,2
4309,0
4310,2
4311,0
4312,0
4313,0
4314,2
4315,0
4316,1
4317,3
4318,0
4319,0
4320,2
4321,2
4322,0
4323,0
4324,0
4325,0
4326,0
4327,0
4328,2
4329,2
4330,3
4331,0
4332,0
4333,0
4334,0
4335,0
4336,0
4337,1
4338,2
4339,0
4340,0
4341,3
4342,0
4343,2
4344,0
4345,3
4346,2
4347,0
4348,0
4349,0
4350,1
4351,0
4352,0
4353,0
4354,0
4355,0
4356,0
4357,1
4358,0
4359,0
4360,0
4361,0
4362,0
4363,2
4364,2
4365,2
4366,2
4367,0
4368,0
4369,0
4370,0
4371,0
4372,0
4373,2
4374,2
4375,1
4376,0
4377,2
4378,0
4379,0
4380,2
4381,0
4382,0
4383,1
4384,3
4385,2
4386,2
4387,0
4388,0
4389,1
4390,0
4391,2
4392,3
4393,2
4394,0
4395,0
4396,0
4397,2
4398,0
4399,0
4400,1
4401,1
4402,0
4403,2
4404,0
4405,1
4406,0
4407,2
4408,1
4409,0
4410,0
4411,0
4412,0
4413,2
4414,2
4415,0
4416,0
4417,0
4418,2
4419,0
4420,0
4421,0
4422,0
4423,0
4424,0
4425,1
4426,2
4427,2
4428,2
4429,0
4430,2
4431,0
4432,0
4433,0
4434,0
4435,0
4436,2
4437,1
4438,3
4439,0
4440,0
4441,1
4442,0
4443,2
4444,0
4445,3
4446,0
4447,2
4448,2
4449,0
4450,0
4451,0
4452,0
4453,0
4454,1
4455,0
4456,0
4457,0
4458,0
4459,1
4460,0
4461,0
4462,0
4463,0
4464,0
4465,0
4466,0
4467,0
4468,1
4469,2
4470,2
4471,0
4472,0
4473,2
4474,0
4475,0
4476,2
4477,2
4478,0
4479,0
4480,1
4481,0
4482,0
4483,0
4484,0
4485,0
4486,2
4487,0
4488,1
4489,1
4490,0
4491,0
4492,0
4493,2
4494,0
4495,2
4496,3
4497,2
4498,2
4499,0
4500,0
4501,0
4502,2
4503,0
4504,0
4505,0
4506,2
4507,2
4508,2
4509,0
4510,0
4511,0
4512,0
4513,2
4514,0
4515,2
4516,0
4517,0
4518,0
4519,0
4520,0
4521,0
4522,2
4523,0
4524,0
4525,0
4526,0
4527,0
4528,0
4529,0
4530,0
4531,2
4532,0
4533,2
4534,1
4535,1
4536,0
4537,2
4538,0
4539,0
4540,2
4541,2
4542,0
4543,0
4544,0
4545,2
4546,0
4547,2
4548,2
4549,0
4550,2
4551,0
4552,2
4553,0
4554,0
4555,0
4556,2
4557,2
4558,2
4559,1
4560,0
4561,0
4562,0
4563,0
4564,0
4565,3
4566,1
4567,3
4568,0
4569,2
4570,0
4571,0
4572,1
4573,2
4574,0
4575,2
4576,0
4577,0
4578,0
4579,0
4580,0
4581,0
4582,1
4583,3
4584,0
4585,0
4586,0
4587,0
4588,0
4589,0
4590,0
4591,0
4592,2
4593,0
4594,1
4595,1
4596,0
4597,2
4598,0
4599,2
4600,1
4601,0
4602,2
4603,2
4604,0
4605,0
4606,1
4607,0
4608,0
4609,2
4610,0
4611,2
4612,2
4613,3
4614,2
4615,2
4616,2
4617,1
4618,2
4619,2
4620,0
4621,2
4622,2
4623,0
4624,0
4625,1
4626,0
4627,0
4628,1
4629,0
4630,3
4631,0
4632,2
4633,0
4634,0
4635,2
4636,2
4637,2
4638,0
4639,0
4640,2
4641,1
4642,2
4643,1
4644,0
4645,0
4646,0
4647,2
4648,2
4649,0
4650,1
4651,2
4652,0
4653,2
4654,2
4655,0
4656,0
4657,0
4658,0
4659,0
4660,0
4661,1
4662,1
4663,0
4664,0
4665,0
4666,1
4667,2
4668,0
4669,2
4670,0
4671,2
4672,0
4673,0
4674,0
4675,0
4676,0
4677,2
4678,2
4679,0
4680,0
4681,0
4682,0
4683,0
4684,2
4685,1
4686,0
4687,0
4688,1
4689,0
4690,0
4691,2
4692,0
4693,0
4694,0
4695,0
4696,1
4697,2
4698,2
4699,0
4700,2
4701,0
4702,2
4703,2
4704,2
4705,2
4706,3
4707,0
4708,0
4709,0
4710,1
4711,2
4712,1
4713,0
4714,0
4715,2
4716,0
4717,2
4718,2
4719,0
4720,0
4721,0
4722,0
4723,1
4724,0
4725,1
4726,1
4727,0
4728,2
4729,2
4730,2
4731,0
4732,0
4733,0
4734,0
4735,1
4736,1
4737,0
4738,0
4739,1
4740,0
4741,0
4742,0
4743,0
4744,3
4745,1
4746,0
4747,3
4748,0
4749,2
4750,0
4751,2
4752,0
4753,3
4754,2
4755,0
4756,0
4757,0
4758,0
4759,2
4760,2
4761,0
4762,2
4763,0
4764,0
4765,2
4766,0
4767,2
4768,0
4769,0
4770,2
4771,0
4772,0
4773,2
4774,2
4775,2
4776,2
4777,0
4778,2
4779,2
4780,0
4781,2
4782,0
4783,2
4784,2
4785,2
4786,0
4787,0
4788,1
4789,1
4790,2
4791,0
4792,2
4793,0
4794,2
4795,0
4796,2
4797,2
4798,0
4799,2
4800,0
4801,0
4802,0
4803,0
4804,0
4805,0
4806,0
4807,1
4808,1
4809,0
4810,0
4811,0
4812,0
4813,0
4814,2
4815,0
4816,3
4817,2
4818,0
4819,0
4820,0
4821,0
4822,2
4823,2
4824,0
4825,1
4826,0
4827,0
4828,0
4829,0
4830,0
4831,2
4832,0
4833,2
4834,0
4835,0
4836,2
4837,2
4838,0
4839,0
4840,2
4841,3
4842,0
4843,0
4844,0
4845,2
4846,0
4847,2
4848,2
4849,0
4850,0
4851,2
4852,0
4853,1
4854,1
4855,2
4856,0
4857,1
4858,0
4859,0
4860,2
4861,1
4862,0
4863,2
4864,3
4865,1
4866,0
4867,2
4868,2
4869,0
4870,2
4871,2
4872,0
4873,2
4874,1
4875,2
4876,1
4877,0
4878,2
4879,2
4880,1
4881,0
4882,1
4883,1
4884,0
4885,2
4886,0
4887,0
4888,2
4889,3
4890,0
4891,0
4892,2
4893,2
4894,0
4895,0
4896,0
4897,0
4898,2
4899,0
4900,0
4901,2
4902,0
4903,2
4904,0
4905,0
4906,0
4907,0
4908,1
4909,2
4910,0
4911,0
4912,0
4913,0
4914,1
4915,0
4916,1
4917,0
4918,0
4919,0
4920,0
4921,0
4922,2
4923,0
4924,0
4925,0
4926,1
4927,0
4928,0
4929,1
4930,1
4931,1
4932,0
4933,2
4934,0
4935,2
4936,2
4937,0
4938,2
4939,2
4940,2
4941,0
4942,2
4943,2
4944,2
4945,2
4946,0
4947,2
4948,0
4949,0
4950,1
4951,0
4952,0
4953,0
4954,0
4955,1
4956,0
4957,2
4958,0
4959,2
4960,1
4961,0
4962,2
4963,0
4964,2
4965,0
4966,2
4967,1
4968,0
4969,1
4970,2
4971,0
4972,0
4973,1
4974,1
4975,0
4976,0
4977,0
4978,0
4979,0
4980,1
4981,0
4982,0
4983,2
4984,0
4985,2
4986,2
4987,2
4988,2
4989,2
4990,2
4991,0
4992,0
4993,2
4994,0
4995,0
4996,0
4997,2
4998,3
4999,0
5000,2
5001,0
5002,0
5003,0
5004,0
5005,2
5006,2
5007,0
5008,0
5009,1
5010,2
5011,0
5012,1
5013,2
5014,0
5015,0
5016,0
5017,0
5018,0
5019,2
5020,2
5021,0
5022,2
5023,0
5024,0
5025,2
5026,3
5027,2
5028,0
5029,0
5030,0
5031,0
5032,0
5033,0
5034,0
5035,1
5036,2
5037,2
5038,2
5039,0
5040,0
5041,0
5042,2
5043,0
5044,3
5045,0
5046,2
5047,0
5048,1
5049,2
5050,0
5051,0
5052,0
5053,0
5054,0
5055,1
5056,2
5057,3
5058,1
5059,2
5060,0
5061,0
5062,2
5063,2
5064,2
5065,0
5066,0
5067,2
5068,0
5069,2
5070,0
5071,2
5072,0
5073,0
5074,0
5075,0
5076,1
5077,0
5078,0
5079,0
5080,0
5081,2
5082,0
5083,0
5084,0
5085,0
5086,0
5087,0
5088,2
5089,0
5090,2
5091,2
5092,0
5093,0
5094,0
5095,0
5096,0
5097,0
5098,2
5099,2
5100,3
5101,0
5102,1
5103,2
5104,0
5105,3
5106,0
5107,0
5108,2
5109,2
5110,2
5111,2
5112,2
5113,0
5114,2
5115,2
5116,2
5117,1
5118,1
5119,2
5120,3
5121,2
5122,2
5123,0
5124,1
5125,0
5126,2
5127,0
5128,1
5129,2
5130,0
5131,1
5132,0
5133,0
5134,0
5135,0
5136,0
5137,2
5138,0
5139,0
5140,0
5141,0
5142,0
5143,2
5144,3
5145,0
5146,2
5147,3
5148,2
5149,0
5150,0
5151,0
5152,0
5153,0
5154,0
5155,0
5156,0
5157,1
5158,3
5159,2
5160,0
5161,3
5162,0
5163,2
5164,2
5165,2
5166,2
5167,3
5168,2
5169,2
5170,1
5171,1
5172,2
5173,1
5174,0
5175,0
5176,2
5177,2
5178,1
5179,0
5180,2
5181,0
5182,0
5183,2
5184,0
5185,0
5186,2
5187,2
5188,0
5189,0
5190,0
5191,1
5192,2
5193,0
5194,0
5195,2
5196,0
5197,0
5198,0
5199,0
5200,0
5201,3
5202,2
5203,2
5204,0
5205,1
5206,0
5207,0
5208,0
5209,0
5210,2
5211,2
5212,0
5213,2
5214,0
5215,2
5216,2
5217,0
5218,1
5219,2
5220,2
5221,1
5222,3
5223,0
5224,2
5225,0
5226,0
5227,3
5228,0
5229,2
5230,0
5231,1
5232,0
5233,2
5234,1
5235,0
5236,1
5237,3
5238,0
5239,0
5240,0
5241,2
5242,0
5243,2
5244,0
5245,0
5246,0
5247,1
5248,2
5249,2
5250,2
5251,1
5252,1
5253,0
5254,1
5255,1
5256,0
5257,2
5258,1
5259,2
5260,1
5261,2
5262,1
5263,1
5264,2
5265,2
5266,2
5267,0
5268,2
5269,0
5270,0
5271,1
5272,0
5273,2
5274,2
5275,2
5276,2
5277,2
5278,0
5279,2
5280,2
5281,2
5282,2
5283,2
5284,0
5285,1
5286,2
5287,2
5288,0
5289,0
5290,0
5291,0
5292,2
5293,0
5294,2
5295,0
5296,1
5297,3
5298,0
5299,1
5300,1
5301,0
5302,0
5303,0
5304,0
5305,3
5306,2
5307,0
5308,2
5309,2
5310,0
5311,2
5312,3
5313,0
5314,0
5315,0
5316,2
5317,1
5318,0
5319,0
5320,0
5321,2
5322,0
5323,0
5324,0
5325,0
5326,0
5327,0
5328,0
5329,0
5330,2
5331,1
5332,0
5333,0
5334,0
5335,0
5336,2
5337,2
5338,0
5339,0
5340,0
5341,0
5342,0
5343,1
5344,1
5345,1
5346,2
5347,0
5348,0
5349,0
5350,2
5351,0
5352,0
5353,0
5354,2
5355,2
5356,0
5357,0
5358,2
5359,0
5360,1
5361,2
5362,2
5363,2
5364,2
5365,2
5366,2
5367,0
5368,2
5369,3
5370,0
5371,0
5372,0
5373,0
5374,0
5375,0
5376,2
5377,1
5378,3
5379,0
5380,0
5381,0
5382,0
5383,0
5384,0
5385,0
5386,1
5387,0
5388,0
5389,0
5390,2
5391,2
5392,0
5393,2
5394,2
5395,0
5396,0
5397,0
5398,3
5399,2
5400,0
5401,2
5402,0
5403,3
5404,0
5405,1
5406,2
5407,0
5408,2
5409,0
5410,3
5411,2
5412,0
5413,1
5414,2
5415,2
5416,0
5417,0
5418,2
5419,0
5420,1
5421,2
5422,0
5423,0
5424,0
5425,2
5426,0
5427,0
5428,0
5429,2
5430,1
5431,0
5432,0
5433,2
5434,0
5435,0
5436,0
5437,0
5438,2
5439,2
5440,2
5441,0
5442,2
5443,0
5444,0
5445,1
5446,0
5447,0
5448,0
5449,0
5450,1
5451,0
5452,0
5453,1
5454,0
5455,0
5456,0
5457,1
5458,2
5459,2
5460,0
5461,2
5462,0
5463,1
5464,0
5465,1
5466,0
5467,0
5468,0
5469,2
5470,0
5471,2
5472,0
5473,2
5474,0
5475,0
5476,0
5477,0
5478,0
5479,2
5480,2
5481,0
5482,0
5483,0
5484,0
5485,0
5486,0
5487,0
5488,2
5489,0
5490,0
5491,2
5492,0
5493,2
5494,0
5495,1
5496,2
5497,2
5498,2
5499,2
5500,0
5501,0
5502,0
5503,2
5504,0
5505,2
5506,1
5507,2
5508,1
5509,2
5510,0
5511,0
5512,3
5513,0
5514,2
5515,2
5516,0
5517,0
5518,2
5519,0
5520,3
5521,0
5522,2
5523,2
5524,0
5525,0
5526,0
5527,2
5528,2
5529,0
5530,2
5531,0
5532,2
5533,3
5534,0
5535,2
5536,0
5537,1
5538,1
5539,2
5540,0
5541,0
5542,1
5543,0
5544,0
5545,2
5546,0
5547,3
5548,0
5549,0
5550,3
5551,0
5552,0
5553,0
5554,2
5555,0
5556,0
5557,0
5558,0
5559,0
5560,1
5561,2
5562,2
5563,0
5564,2
5565,0
5566,0
5567,2
5568,0
5569,0
5570,0
5571,1
5572,2
5573,0
5574,0
5575,0
5576,2
5577,1
5578,0
5579,0
5580,0
5581,1
5582,0
5583,2
5584,0
5585,0
5586,0
5587,2
5588,0
5589,2
5590,0
5591,0
5592,0
5593,0
5594,0
5595,0
5596,0
5597,2
5598,0
5599,2
5600,0
5601,0
5602,2
5603,0
5604,0
5605,0
5606,0
5607,1
5608,0
5609,2
5610,0
5611,0
5612,0
5613,0
5614,0
5615,0
5616,0
5617,0
5618,2
5619,0
5620,0
5621,0
5622,0
5623,2
5624,2
5625,3
5626,2
5627,2
5628,1
5629,2
5630,2
5631,0
5632,2
5633,1
5634,0
5635,0
5636,0
5637,2
5638,1
5639,2
5640,2
5641,1
5642,0
5643,0
5644,0
5645,0
5646,0
5647,0
5648,2
5649,0
5650,0
5651,2
5652,0
5653,2
5654,2
5655,0
5656,1
5657,2
5658,2
5659,0
5660,0
5661,2
5662,2
5663,2
5664,0
5665,0
5666,0
5667,2
5668,0
5669,0
5670,0
5671,2
5672,1
5673,2
5674,0
5675,2
5676,2
5677,0
5678,2
5679,0
5680,0
5681,2
5682,1
5683,3
5684,1
5685,0
5686,0
5687,2
5688,0
5689,2
5690,2
5691,2
5692,3
5693,0
5694,2
5695,2
5696,2
5697,0
5698,2
5699,0
5700,0
5701,2
5702,0
5703,0
5704,0
5705,2
5706,0
5707,2
5708,0
5709,0
5710,0
5711,0
5712,2
5713,0
5714,1
5715,1
5716,0
5717,0
5718,2
5719,0
5720,2
5721,0
5722,0
5723,0
5724,0
5725,0
5726,2
5727,2
5728,2
5729,0
5730,1
5731,0
5732,0
5733,2
5734,2
5735,2
5736,0
5737,0
5738,2
5739,0
5740,1
5741,2
5742,0
5743,2
5744,2
5745,0
5746,0
5747,1
5748,0
5749,0
5750,0
5751,2
5752,0
5753,0
5754,0
5755,0
5756,2
5757,2
5758,0
5759,3
5760,2
5761,0
5762,2
5763,2
5764,2
5765,2
5766,2
5767,0
5768,0
5769,0
5770,0
5771,2
5772,0
5773,2
5774,2
5775,1
5776,0
5777,2
5778,2
5779,0
5780,2
5781,1
5782,0
5783,0
5784,0
5785,0
5786,0
5787,0
5788,0
5789,1
5790,2
5791,0
5792,1
5793,0
5794,0
5795,0
5796,2
5797,2
5798,0
5799,2
5800,2
5801,2
5802,0
5803,0
5804,1
5805,2
5806,3
5807,1
5808,2
5809,0
5810,0
5811,0
5812,0
5813,0
5814,2
5815,0
5816,2
5817,2
5818,0
5819,0
5820,0
5821,2
5822,0
5823,1
5824,0
5825,0
5826,0
5827,0
5828,1
5829,2
5830,0
5831,0
5832,2
5833,0
5834,0
5835,0
5836,2
5837,0
5838,3
5839,0
5840,1
5841,0
5842,0
5843,0
5844,0
5845,2
5846,0
5847,2
5848,2
5849,0
5850,1
5851,2
5852,1
5853,2
5854,2
5855,0
5856,2
5857,2
5858,0
5859,2
5860,2
5861,0
5862,0
5863,2
5864,2
5865,2
5866,0
5867,0
5868,0
5869,1
5870,0
5871,0
5872,0
5873,0
5874,0
5875,0
5876,2
5877,2
5878,0
5879,2
5880,2
5881,2
5882,0
5883,0
5884,2
5885,3
5886,0
5887,0
5888,0
5889,2
5890,0
5891,2
5892,0
5893,0
5894,0
5895,0
5896,0
5897,0
5898,0
5899,1
5900,0
5901,0
5902,0
5903,2
5904,0
5905,2
5906,2
5907,1
5908,0
5909,0
5910,0
5911,2
5912,0
5913,0
5914,2
5915,2
5916,3